<?xml version="1.0" encoding="UTF-8"?>
<project-private xmlns="http://www.netbeans.org/ns/project-private/1">
    <editor-bookmarks xmlns="http://www.netbeans.org/ns/editor-bookmarks/2" lastBookmarkId="0"/>
    <open-files xmlns="http://www.netbeans.org/ns/projectui-open-files/2">
        <group>
            <file>file:/D:/isd/B1_2_FishFarm/B1_2_FishFarm/FishFarm/src/fishfarm/LoginForm.java</file>
            <file>file:/D:/isd/B1_2_FishFarm/B1_2_FishFarm/FishFarm/src/fishfarm/HomePage.java</file>
            <file>file:/D:/isd/B1_2_FishFarm/B1_2_FishFarm/FishFarm/src/fishfarm/Adminchat.java</file>
            <file>file:/D:/isd/B1_2_FishFarm/B1_2_FishFarm/FishFarm/src/fishfarm/Sub_Employee.java</file>
            <file>file:/D:/isd/B1_2_FishFarm/B1_2_FishFarm/FishFarm/src/fishfarm/CustomerRegistration.java</file>
            <file>file:/D:/isd/B1_2_FishFarm/B1_2_FishFarm/FishFarm/src/fishfarm/subadmin.java</file>
            <file>file:/D:/isd/B1_2_FishFarm/B1_2_FishFarm/FishFarm/src/fishfarm/subModifyFish.java</file>
            <file>file:/D:/isd/B1_2_FishFarm/B1_2_FishFarm/FishFarm/src/fishfarm/Feed.java</file>
            <file>file:/D:/isd/B1_2_FishFarm/B1_2_FishFarm/FishFarm/src/fishfarm/Sub_Fish.java</file>
            <file>file:/D:/isd/B1_2_FishFarm/B1_2_FishFarm/FishFarm/src/fishfarm/Customershow.java</file>
            <file>file:/D:/isd/B1_2_FishFarm/B1_2_FishFarm/FishFarm/src/fishfarm/CustomerLogin.java</file>
            <file>file:/D:/isd/B1_2_FishFarm/B1_2_FishFarm/FishFarm/src/fishfarm/Customer.java</file>
            <file>file:/D:/isd/B1_2_FishFarm/B1_2_FishFarm/FishFarm/src/fishfarm/SupplyRequest.java</file>
            <file>file:/D:/isd/B1_2_FishFarm/B1_2_FishFarm/FishFarm/src/fishfarm/subadminhome.java</file>
            <file>file:/D:/isd/B1_2_FishFarm/B1_2_FishFarm/FishFarm/src/fishfarm/EmployeeAd1.java</file>
            <file>file:/D:/isd/B1_2_FishFarm/B1_2_FishFarm/FishFarm/src/fishfarm/TablesButtons.java</file>
            <file>file:/D:/isd/B1_2_FishFarm/B1_2_FishFarm/FishFarm/src/fishfarm/ModifyFish.java</file>
            <file>file:/D:/isd/B1_2_FishFarm/B1_2_FishFarm/FishFarm/src/fishfarm/Sub_Feed.java</file>
            <file>file:/D:/isd/B1_2_FishFarm/B1_2_FishFarm/FishFarm/src/fishfarm/Fish.java</file>
            <file>file:/D:/isd/B1_2_FishFarm/B1_2_FishFarm/FishFarm/src/fishfarm/FishFarm.java</file>
            <file>file:/D:/isd/B1_2_FishFarm/B1_2_FishFarm/FishFarm/src/fishfarm/Farm.java</file>
        </group>
    </open-files>
</project-private>
